<?xml version="1.0" encoding="UTF-8"?>
<project-private xmlns="http://www.netbeans.org/ns/project-private/1">
    <editor-bookmarks xmlns="http://www.netbeans.org/ns/editor-bookmarks/2" lastBookmarkId="0"/>
    <open-files xmlns="http://www.netbeans.org/ns/projectui-open-files/2">
        <group>
            <file>file:/Users/alvarogasca/NetBeansProjects/Proyecto/src/proyecto_hospital/Cama.java</file>
            <file>file:/Users/alvarogasca/NetBeansProjects/Proyecto/src/proyecto_hospital/Ingreso.java</file>
            <file>file:/Users/alvarogasca/NetBeansProjects/Proyecto/src/proyecto_hospital/Especialidad.java</file>
            <file>file:/Users/alvarogasca/NetBeansProjects/Proyecto/src/proyecto_hospital/Menu.java</file>
            <file>file:/Users/alvarogasca/NetBeansProjects/Proyecto/src/proyecto_hospital/persistance/Conexion.java</file>
            <file>file:/Users/alvarogasca/NetBeansProjects/Proyecto/src/proyecto_hospital/Medico.java</file>
            <file>file:/Users/alvarogasca/NetBeansProjects/Proyecto/src/proyecto_hospital/Paciente.java</file>
        </group>
    </open-files>
</project-private>
